Bases	Count	Percent
CTAGGGCTAGGGCTAGGG	507	24.6
TTAGGGCTAGGGCTAGGG	200	9.7
TTAGGGTTAGGGCTAGGG	161	7.81
TTAGGGTTAGGGTTAGGG	121	5.87
TAGGGCTTAGGGCTAGGG	74	3.59
AGGGCTTAGGGCTTAGGG	73	3.54
TAGGGTTAGGATTAGGGG	56	2.72
TTAAGGCTAAGGCTAGGA	43	2.09
TTGGGGTTAGGGTTAGGG	35	1.7
TTAGGGCTAAGGCTAGGG	35	1.7
CTAGGGTTAGGGTTAGGG	33	1.6
CTAGGGTTAGGGCTAGGG	27	1.31
CAGGGGTTAGGGTCTGGT	25	1.21
TTAGGGTTAGGGCTAAGG	24	1.16
GTAGGGTTAGGGTTAGGG	23	1.12
CTAGGGCTAGGGTTAGGG	23	1.12
TAGGGTTAGGTTTAGGGG	19	0.92
TAGGGCGAGGGTTAGGGG	19	0.92
TTATGGTCAGGGCGAGGG	18	0.87
TAACGGTTAGGGCTAAGG	18	0.87
ACACGACGCTCTTCCGAT	16	0.78
TTAGGGCTAAGGCTAGGA	15	0.73
TAGGGTTTGGGGTTAGGG	15	0.73
TCAAGTTTAGGGTTGGGG	14	0.68
TAAGGGTTAGGATTAGGG	14	0.68
CTAGGGCGAGGGCGAGGG	14	0.68
TTAGGACTGGGTTTAGGG	13	0.63
TAAGTGTGAAGGTGAGGG	13	0.63
GACGTGTGCTCTTCCGAT	13	0.63
AGGGCTATGGTTAGGTTG	13	0.63
TTGGGGTTAGGGCTAGGG	12	0.58
GGGGTTAGGGTTTGGGGG	12	0.58
TTAGGGTTGGGTTAGGGG	11	0.53
TGCTGGGGCTCAGGGATG	11	0.53
TCAGGGTTAGGGTTAGTG	11	0.53
TAGGTTTAGGTTTAGGGG	11	0.53
TAGGGTTTAGGGTTAGGG	11	0.53
TAGGGTTAGGGTTCAGGA	10	0.49
TAGGGGTTAGGGTTAGGG	10	0.49
TAGGCTTAGGGCTTAGGG	10	0.49
TTAGTGTTGGGGTTGGGG	9	0.44
GTTTGTGTAGTGTTAGGG	9	0.44
CTAGTTAGGGAAGGGGGG	9	0.44
TTGGAGTTAGGGTTAGTG	8	0.39
TTAGGGCTAGGGTTAGGG	8	0.39
TTAGGGTTCGGGTTTGGG	7	0.34
TCGAGCTGTCTGCCTAGT	7	0.34
GGTAGGGTTAGGGTTGGG	7	0.34
ATGGTCAGGGCATATGGG	7	0.34
ATCTAGTTAGGGAGGGGG	7	0.34
TTAGTGCTAGGGTTTTGG	6	0.29
TCAGGGTCAGGGCGAGGG	6	0.29
TAGGGTTAGGGGTTAGGG	6	0.29
TAGGGCTACAGATTAGAG	5	0.24
GGGGTTAGGGGTTAGGGG	5	0.24
CGAGGGTTAGGGCTAGGG	5	0.24
ACAAACGTAGTAACAAAC	5	0.24
AAGTTAAACGTACTTTTG	5	0.24
GGTTAGGGTTAGGGTTAG	4	0.19
CTAGGGCTGGGGCTAGGG	4	0.19
CTAGGGCTAGGGCTGGGG	4	0.19
CGAGGGTTAGGGTTAGGG	4	0.19
ATAGGGCTAGGGCTAGGG	4	0.19
TTCGGGTTCGGGTTTGGG	3	0.15
TGAGGGTTAGGGTTAGGG	3	0.15
TGAGGGTTAGGGCGAGGG	3	0.15
TAGGGTTAGGGTTAGGGG	3	0.15
GAGGGTTAGGGGTTAGGG	3	0.15
CTTGGGCTAGGGCTAGGG	3	0.15
CTAGGGCTAGGGATAGGG	3	0.15
AGGAGTTAGGGTTTGGGG	3	0.15
ACAAACGTAGTAACGAAC	3	0.15
TTTGGGTTAGGGCTAGGG	2	0.1
TTTGGGCTAGGGCTAGGG	2	0.1
TTAGGGCTTGGGCTAGGG	2	0.1
TTAGGGCGAGGGTTAGGG	2	0.1
TTAGGGCGAGGGCTAGGG	2	0.1
TGCTTGGACTCAGAAATG	2	0.1
TGCTAGGGCTCAGGGATG	2	0.1
TAGGGTTAGGGTTAGGGT	2	0.1
TAGGGGTTAGGGCTAGGG	2	0.1
GTTAGGGTTAGGGTTAGT	2	0.1
CTAGGGCTAGGGCTTGGG	2	0.1
CTAGGGATAGGGCTAGGG	2	0.1
CGAGGGCTAGGGCTAGGG	2	0.1
AGGGGCTAGGGGCTAGGG	2	0.1
ACACGCCGCTCGTCCGCT	2	0.1
ACACGACGCTCTTCCGCT	2	0.1
TTTGGTTTTGGGCTAGGG	1	0.05
TTTGGGTTTGGTTTTGGG	1	0.05
TTTGGGTTTAGGGTAGGG	1	0.05
TTTGGGTTAGGGTTAGGG	1	0.05
TTTAGGGTAGGGCTAGGG	1	0.05
TTGGGTTAGGATTAGGGG	1	0.05
TTGGGGTTAGGGTTAGTG	1	0.05
TTGGGGTTAGGGATAGGG	1	0.05
TTGGGGCTAGGGTTAGGG	1	0.05
TTGGGCTTAGGGCTAGGG	1	0.05
TTCGGGTTCGGGTTAGGG	1	0.05
TTCGGGCTAGGGTTAGGG	1	0.05
TTCGGGCTAGGGCTAGGG	1	0.05
TTAGGGTTTGGGTTAGGG	1	0.05
TTAGGGTTAGGTCTAGGG	1	0.05
TTAGGGTTAGGGTTAGGT	1	0.05
TTAGGGTTAGGGTAAGGG	1	0.05
TTAGGGTTAGGGCTCGGG	1	0.05
TTAGGGGTAGGGCTAGGG	1	0.05
TTAGGGCTTGGGGTAGGG	1	0.05
TTAGGGCTAGGGCTTGGG	1	0.05
TTAGGGCTAGGGCTAGTG	1	0.05
TTAGGGCTAGGGCAAGGG	1	0.05
TTAGGGCTAGGGATAGGG	1	0.05
TTAGGGCGAAGGCTAGGA	1	0.05
TTAGGGATAGGGTTAGGG	1	0.05
TTAGGGATAGGGCTAGGG	1	0.05
TTAGGGAGAGGGCTAGGG	1	0.05
TTAAGGATAAGGCTAGGA	1	0.05
TGCTCGGGCTCAGGGATG	1	0.05
TGATGGTCAGGGCGAGGG	1	0.05
TGAGGGTTTGGGTTAGGG	1	0.05
TCGGGCTTAGGGCTAGGG	1	0.05
TAGTGTTAGGATTAGGGG	1	0.05
TAGGTTTAGGTTTTGGGG	1	0.05
TAGGGTTAGGGGTTTGGG	1	0.05
TAGGGGCTAGGGCTAGGG	1	0.05
TAGGGATTAGGGCTAGGG	1	0.05
TAAGGGCTAAGGCTAGGA	1	0.05
TAACGGTTAGGGATAAGG	1	0.05
TAACGACTCTCTTCAGTT	1	0.05
TAAAGGATAAGGCTAGGA	1	0.05
GTTTGGGTTTGGGTTTGT	1	0.05
GTTGGGTTAGGGTTGGGG	1	0.05
GTTGGGTTAGGGTTAGGG	1	0.05
GTTGGGGTAGGGTTGGGG	1	0.05
GTTAGGGTTAGGGCTAAG	1	0.05
GTTAGGGTAGGGTTAGGG	1	0.05
GTTAGGGCTAAGCTAGGG	1	0.05
GTCTTGTGCTCTTCCGAT	1	0.05
GTAGTGTTAGGGATAGGG	1	0.05
GTAGGGTTAGGGCTAGGG	1	0.05
GTAGGGGTAGGGTTAGGG	1	0.05
GTAGGGCTAGGGCTAGGG	1	0.05
GTAGGGATAGGGCTCGGG	1	0.05
GGGGTTAGGGGCTAGGGG	1	0.05
GCGGTTAGGGGTTAAGGG	1	0.05
CTCTTCCGATCTTAGGGG	1	0.05
CTCTTCCGATCTCTAGGG	1	0.05
CTAGGGCTTGGTCTAGGG	1	0.05
CTAGGGCTTGGGCTAGGG	1	0.05
CTAGGGCTAGGGCAAGGG	1	0.05
CTAGGGCGAGGGTTAGGG	1	0.05
CTAGGGCAAGGGCTAGGG	1	0.05
CTAGGGATAGGGCTAGGT	1	0.05
CCGACGCTCTTCCGATCT	1	0.05
CAGGGGTAAGGGTCTGGT	1	0.05
ATAGGGTTAGGGCTAGGG	1	0.05
ATAGGGCTCGGGCTAGGG	1	0.05
ATAGGGCTAGGGATAGGG	1	0.05
AGGGGTTAGGGGTTAGGG	1	0.05
AGGGGTTAGGGCTTAGGG	1	0.05
AGGGGCTAGGGGATAGGG	1	0.05
AGGGCTTAGGGCTGAGGG	1	0.05
AGGGATTAGGGCTTAGGG	1	0.05
ACCCGCCGCGCTTCCGTT	1	0.05
ACACGTCGCTCTTCCGCT	1	0.05
ACACGCCGCTCTTCCGAT	1	0.05
